{"cameraMode":{"drawMode":0,"name":"Shaded","section":"Shading Mode"},"sceneLighting":true,"audioPlay":false,"sceneViewState":{"showFog":true,"showMaterialUpdate":false,"showSkybox":true,"showFlares":true,"showImageEffects":true,"showParticleSystems":true},"in2DMode":false,"pivot":{"x":26.56999969482422,"y":5.640000343322754,"z":16.0},"rotation":{"x":0.0014995677629485727,"y":-0.02399767003953457,"z":0.000035996541555505246,"w":0.9997108578681946},"size":31.822359085083009,"orthographic":true}