{"cameraMode":{"drawMode":0,"name":"Shaded","section":"Shading Mode"},"sceneLighting":false,"audioPlay":false,"sceneViewState":{"showFog":true,"showMaterialUpdate":false,"showSkybox":false,"showFlares":true,"showImageEffects":true,"showParticleSystems":true},"in2DMode":false,"pivot":{"x":7.958657264709473,"y":5.943151473999023,"z":0.0},"rotation":{"x":-0.03747755289077759,"y":0.026977743953466417,"z":0.001012139953672886,"w":0.9989328384399414},"size":10.000499725341797,"orthographic":true}